EER%,Threshold
1.4102564102564104,0.3359817564487457
